店舖名稱,店舖號,服務編號,地址,電話
全家新德店,018932,53115,台北市中正區八德路一段43巷2號,"02-77463163, 02-23214351"
全家台醫店,006598,16598,台北市中正區中山南路7號1樓,"02-23279603, 02-23278841"
全家台大醫院店,018527,58527,台北市中正區中山南路7號B1樓,02-33223538
全家台鐵西店,018558,58558,臺北市中正區北平西路3號(西南站),02-23141492
全家台鐵北店,018559,58559,臺北市中正區北平西路3號(西北站),"02-77231907, 02-23142838"
全家台鐵南店,018685,58685,臺北市中正區北平西路3號(東南站),"02-77306283, 02-23883209"
全家台鐵東店,018686,58686,臺北市中正區北平西路3號(東北站),"02-77306635, 02-23893070"
全家凱撒店,018141,58141,台北市中正區忠孝西路一段38號1樓(部份),"02-77286143, 02-23898803"
全家福昌店,017358,57358,台北市中正區福州街10號1樓(部份),"02-77303690, 02-23913137"
全家衡慶店,017203,57203,台北市中正區衡陽路7號1樓部分(如附圖),"02-77294765, 02-23820271"
全家南機場店,018955,18805,台北市中正區中華路二段311巷1號1樓,"02-77095865, 02-23039420"
全家新惠安店,015956,52555,台北市中正區中華路二段307巷46號,"02-77300717, 02-23036887"
全家高鐵一店,018519,58519,台北市中正區北平西路3號B1東側,02-23619736
全家高鐵二店,018520,58520,台北市中正區北平西路3號B1西側,02-23148950
全家台鐵二店,018560,58560,臺北市中正區北平西路3號B1,"02-77231934, 02-23147112"
全家台鐵一店,018687,58687,臺北市中正區北平西路3號B1,"02-77306756, 02-23614184"
全家地下街店,018445,58445,台北市中正區市民大道一段100號地下街159號店鋪,"02-77230004, 02-25557620"
全家新龍口店,017008,52543,台北市中正區汀州路一段244號,"02-77300715, 02-23047184"
全家金門店,016606,19851,台北市中正區汀州路二段216號1樓,"02-77095860, 02-23642756"
全家新廈門店,014453,54051,台北市中正區汀州路二段38號1樓,"02-77397215, 02-23681443"
全家公館店,015201,10053,台北市中正區汀州路三段251號,"02-77095861, 02-23688539"
全家文盛店,017605,11178,台北市中正區汀州路三段173號,"02-77096364, 02-23681345"
全家水源店,014142,11471,台北市中正區汀州路三段261號,"02-77095862, 02-23642257"
全家和鄰店,017366,12744,台北市中正區和平西路一段82號1樓,"02-77095869, 02-23628326"
全家寶慶店,018151,11554,台北市中正區延平南路111號,"02-77095843, 02-23898700"
全家郡王店,014575,14239,台北市中正區延平南路68號,"02-77095846, 02-23719902"
全家和醫店,016200,19227,台北市中正區延平南路159號1樓,"02-77095845, 02-23122560"
全家鴻啟店,016266,18916,台北市中正區忠孝西路一段100號,"02-77095867, 02-23142878"
全家北捷店,017485,54385,台北市中正區忠孝西路一段47號B1F,02-23831985
全家亞慶店,016918,56918,台北市中正區忠孝西路一段50號1樓,"02-77463543, 02-23706675"
全家兆豐店,018710,58710,台北市中正區忠孝東路二段93號1樓,"02-77303715, 02-23418109"
全家文祥店,018150,11059,台北市中正區杭州南路一段147號,"02-77095850, 02-23914884"
全家林森南路店,016799,10062,"台北市中正區林森南路57,59號","02-77095855, 02-23519110"
全家南陽店,015589,10112,台北市中正區信陽街15號,"02-77095868, 02-23881469"
全家新東門店,014785,54785,台北市中正區信義路一段1號,"02-77292130, 02-23564259"
全家南海店,014490,51143,臺北市中正區南海路20號,"02-77095849, 02-23564283"
全家重慶店,017294,14199,台北市中正區重慶南路一段58號,"02-77095851, 02-23122797"
全家摩天店,018265,11149,台北市中正區許昌街26號,"02-77136527, 02-23148151"
全家博愛店,018369,58369,"台北市中正區博愛路63號1F,B1F","02-77286631, 02-23432173"
全家開封店,017223,16474,台北市中正區開封街一段41號1樓,"02-77095852, 02-23709020"
全家教育大學店,016575,56575,台北市中正區愛國西路1號,"02-77462653, 02-23888317"
全家大孝店,015063,16760,"台北市中正區愛國東路112號1樓,2樓","02-77095871, 02-23216231"
全家漢盛店,015850,55850,台北市中正區漢口街一段18號,"02-77093390, 02-23117024"
全家新衡陽店,017503,56722,台北市中正區衡陽路77號一樓,"02-77397262, 02-23711130"
全家新仟囍店,018263,54430,台北市中正區館前路36號1樓,"02-77463019, 02-23822831"
全家齊東店,014322,11410,台北市中正區濟南路二段3-7號1樓,"02-77095857, 02-23942076"
全家富陽店,017407,12933,台北市中正區襄陽路7號1樓,"02-77136528, 02-23754181"
全家西站店,016659,10886,台北市中正區懷寧街7之1號,"02-77136529, 02-23120577"
全家羅斯店,018140,58140,台北市中正區羅斯福路二段62號1樓,"02-77286041, 02-23962007"
全家館中店,014745,14450,台北市中正區羅斯福路三段316巷8弄1號1樓,"02-77095872, 02-23672204"
全家金安店,018768,58768,"台北市中正區羅斯福路三段8號1,2樓","02-77285604, 02-23654620"
全家雙連站店,018317,58317,台北市大同區民生西路47號B1(雙連站3號販賣店),"02-77286615, 02-25526930"
全家大龍店,016547,14447,台北市大同區大龍街133號1樓,"02-77095825, 02-25980054"
全家蘭州店,015569,16641,台北市大同區大龍街217號1樓,"02-77095826, 02-25995380"
全家泰元店,017339,56215,台北市大同區太原路81號,"02-77397543, 02-25592980"
全家萬全店,015590,11354,台北市大同區民生西路63號,"02-77095827, 02-25576965"
全家福澤店,014801,11099,台北市大同區民權西路146號,"02-77294790, 02-25572577"
全家永樂店,018592,50875,台北市大同區延平北路二段260號之1,"02-77095832, 02-25529571"
全家國順店,018861,14516,台北市大同區延平北路三段118號1樓,"02-77095833, 02-25919787"
全家新橋店,018082,52078,臺北市大同區延平北路三段25之3號,"02-77230801, 02-25996171"
全家明真店,017338,10390,台北市大同區延平北路四段19號,"02-77095836, 02-25982460"
全家日新店,018793,14515,台北市大同區承德路二段39＆41號1樓,"02-77095837, 02-25505051"
全家福安店,013977,14437,台北市大同區長安西路54號1樓,"02-77095838, 02-25509755"
全家玉泉店,017525,57525,台北市大同區長安西路342號1樓,"02-77304882, 02-25522657"
全家長慶店,017719,57719,台北市大同區長安西路258號1樓,"02-77300601, 02-25507756"
全家金慶店,016893,56491,台北市大同區南京西路308號1樓,"02-77463101, 02-25564600"
全家京鋒店,018045,58045,台北市大同區南京西路61號1樓,"02-77300702, 02-25587692"
全家慶權店,018273,12707,台北市大同區重慶北路二段263號1樓,"02-77095839, 02-25578978"
全家酒泉店,017311,50002,臺北市大同區庫倫街48之4號,"02-77095841, 02-25929575"
全家鑫泉店,019021,59021,台北市大同區酒泉街227號1樓,02-25986829
全家寧夏店,017908,11023,"台北市大同區寧夏路28,30,28—1,28—2號","02-77136520, 02-25500930"
全家甘州店,018266,50716,台北市大同區歸綏街181之2號,"02-77095842, 02-25505587"
全家京江店,014010,18902,台北市中山區一江街22號1樓,"02-77095806, 02-25678224"
全家大直店,018505,11115,台北市中山區大直街33巷1號,"02-77095783, 02-25328875"
全家直學店,017275,51865,台北市中山區大直街11號,"02-77230350, 02-25328364"
全家市民店,012022,18703,台北市中山區中山北路一段58號,"02-77294950, 02-25638109"
全家中賓店,005989,15989,台北市中山區中山北路二段59之3號1樓,"02-77096471, 02-25230023"
全家聚葉店,014903,16420,台北市中山區中山北路二段137巷34號1樓,"02-77294960, 02-25716328"
全家新國賓店,016585,56357,台北市中山區中山北路二段75-1號1樓,"02-77463013, 02-25818863"
全家台鑫店,017449,57449,台北市中山區中山北路二段44號1樓部份,"02-77303835, 02-25118851"
全家圓山飯店,017899,57899,台北市中山區中山北路四段1巷1號1樓(麒麟廳)),"02-77463590, 02-28850843"
全家京興店,017953,57953,台北市中山區復興北路148號1樓(部份),"02-77462646, 02-25464084"
全家錦原店,018112,14452,台北市中山區中原街101號1樓,"02-77095828, 02-25412311"
全家新吉原店,017553,54113,台北市中山區中原街16號1樓,"02-77397223, 02-25113653"
全家五常店,018188,14446,台北市中山區五常街53巷23號1號,"02-77136521, 02-25067078"
全家日津店,017933,10289,台北市中山區天津街47號1樓及地下室,"02-77136522, 02-25635367"
全家美華店,015759,12905,台北市中山區北安路819之1號,"02-77095796, 02-85095070"
全家永安店,015568,14451,台北市中山區北安路630巷7號1樓,"02-77095795, 02-25322254"
全家新北鄰店,016923,55780,台北市中山區北安路458巷41弄48號1樓,"02-77093290, 02-25325010"
全家松平店,014715,11502,台北市中山區四平街47號,"02-77095807, 02-25318666"
全家馬偕店,015295,14440,台北市中山區民生西路29號,"02-77095873, 02-25316236"
全家福泰店,014538,14442,台北市中山區民生東路一段36號1樓,"02-77095398, 02-25413026"
全家玉林店,019112,14670,台北市中山區民生東路一段27巷15號,"02-77095830, 02-25222731"
全家鑫泰店,018953,53781,台北市中山區民生東路一段39號,"02-77462618, 02-25212132"
全家民佳店,018404,57201,台北市中山區民生東路二段155號1樓,"02-77294646, 02-25038763"
全家民族店,015602,14417,台北市中山區民族東路410巷23弄24號,"02-77095813, 02-25185693"
全家民權西路店,016511,56511,台北市中山區民權西路35號1樓,"02-77463120, 02-25994884"
全家錦民店,018272,52465,台北市中山區民權東路二段152巷14號,"02-77300712, 02-25078797"
全家新吉林店,018815,58815,台北市中山區民權東路二段46號1樓,"02-77287215, 02-25639757"
全家江寧店,016752,12520,台北市中山區民權東路三段64號1樓,"02-77136523, 02-25171595"
全家長通店,016549,14513,台北市中山區伊通街108號1樓,"02-77095808, 02-25029136"
全家金通店,013978,52371,台北市中山區伊通街58號,"02-77136292, 02-25181554"
全家德惠店,017273,10198,台北市中山區吉林路448號,"02-77095755, 02-25953593"
全家合江店,013480,53480,台北市中山區合江街87號一樓,"02-77463827, 02-25185276"
全家朱崙店,016150,16667,台北市中山區朱崙街67號,"02-77095811, 02-27528615"
全家北車店,019102,59102,台北市中正區忠孝西路一段45號1F部分,02-89411871
全家明水店,017555,14511,台北市中山區明水路581巷11號1樓,"02-77095797, 02-85097543"
全家林森北路店,016751,10180,"台北市中山區林森北路119巷49,51號","02-77095758, 02-25230561"
全家長林店,017699,10693,台北市中山區林森北路107巷54號,"02-77095391, 02-25629310"
全家金林店,013729,16605,台北市中山區林森北路109號1樓,"02-77094898, 02-25629847"
全家復林店,017963,16851,"台北市中山區林森北路149-1,149-2號1樓","02-77094899, 02-25230478"
全家錦林店,017752,50451,台北市中山區林森北路399巷10號一樓,"02-77095381, 02-25239913"
全家金漾店,016220,50989,台北市中山區林森北路308號,"02-77095382, 02-25219884"
全家錦富店,016922,52445,台北市中山區林森北路428號1樓,"02-77134951, 02-25684923"
全家新林森店,012544,52544,台北市中山區林森北路630號1樓,"02-77300716, 02-25977209"
全家林慶店,019161,57327,台北市中山區林森北路376號1樓,"02-77305394, 02-25672790"
全家光華店,017991,11139,台北市中山區松江路24之1號,"02-77096473, 02-25670175"
全家新松店,014662,19228,台北市中山區松江路330巷33號,"02-77294930, 02-25715620"
全家權勝店,017355,57355,台北市中山區松江路400號1樓及地下室,"02-77305911, 02-25935820"
全家松茂店,018109,58109,台北市中山區松江路127之1號1樓及地下室,"02-77283475, 02-25028713"
全家松好店,018619,58619,台北市中山區松江路61之1號1樓,"02-77231913, 02-25083831"
全家正義店,011877,14419,台北市中山區長安東路一段55號,"02-77094806, 02-25239542"
全家遼寧店,018207,19772,台北市中山區長安東路二段216號,"02-77095816, 02-27405515"
全家本部店,017071,57071,台北市中山區長安東路二段99號1樓及2樓,"02-77294474, 02-25173149"
全家長春店,016685,10600,台北市中山區長春路48號,"02-77094800, 02-25817796"
全家欣欣店,016364,14512,台北市中山區長春路100號1樓,"02-77096472, 02-25314871"
全家春北店,018403,58403,台北市中山區長春路410號1樓及地下室,"02-77286721, 02-87707194"
全家中捷店,015198,53010,台北市中山區南京西路16號B1,02-25557010
全家興亞店,013570,18635,臺北市中山區南京東路二段26號,"02-77095431, 02-25312051"
全家京貿店,018242,14196,台北市中山區南京東路三段65號,"02-77095897, 02-25066873"
全家建錦店,017357,57357,台北市中山區建國北路二段131號1樓及部分地下室,"02-77303530, 02-25065447"
全家濱江店,013511,11097,台北市中山區建國北路三段111號1樓,"02-77095817, 02-25159357"
全家新衡山店,015346,55346,台北市中山區通北街111號,"02-77300906, 02-25332342"
全家新復店,013797,52308,台北市中山區復興北路514巷35號,"02-77467841, 02-25097685"
全家興德店,015566,10578,台北市中山區復興南路一段38號,"02-77095819, 02-87725312"
全家鑫通店,015920,53679,台北市中山區新生北路一段116號,"02-77305710, 02-25817485"
全家美林店,017730,51313,台北市中山區新生北路二段62巷38-3號,"02-77095399, 02-25678382"
全家農安店,018088,10023,台北市中山區農安街249號,"02-77095760, 02-25042520"
全家新農店,018243,15837,台北市中山區農安街26之3號一樓,"02-77094801, 02-25968538"
全家新晴店,017811,50439,台北市中山區農安街4-1號,"02-77095761, 02-25955820"
全家新稻江店,018666,52930,台北市中山區農安街86號1樓,"02-77134723, 02-25994657"
全家松農店,019008,53427,台北市中山區農安街160號,"02-77463806, 02-25028032"
全家光輝店,017820,15523,台北市中山區德惠街34之2號一樓,"02-77095759, 02-25955703"
全家德林店,017907,18831,台北市中山區德惠街173號,"02-77294937, 02-25961560"
全家新德城店,013032,53032,台北市中山區德惠街16-7號,"02-77301480, 02-25995447"
全家撫順店,018931,15193,台北市中山區撫順街12之2號1樓,"02-77136526, 02-25927495"
全家樂群店,015060,11707,台北市中山區樂群二路186號,"02-77095805, 02-85095167"
全家美麗店,017888,50173,台北市中山區樂群二路142號1樓,"02-77095803, 02-85011290"
全家興安店,018376,10242,台北市中山區興安街57號,"02-77095820, 02-25052013"
全家錦江店,016672,10398,台北市中山區錦州街215號,"02-77096475, 02-25638875"
全家新北大店,015161,54566,台北市中山區錦州街427號,"02-77464123, 02-25172305"
全家錦西店,017032,11266,台北市中山區錦西街8號,"02-77095831, 02-25673231"
全家中興店,017058,10796,台北市中山區龍江路201號1F,"02-77095822, 02-25012043"
全家榮星店,018903,19680,台北市中山區龍江路352號,"02-77095823, 02-25169569"
全家鑫豐店,015663,53839,台北市中山區龍江路356巷72號,"02-77462067, 02-25157030"
全家新南京店,014112,54112,台北市中山區龍江路95號1樓,"02-77397217, 02-87725827"
全家龍京店,018620,58620,台北市中山區龍江路102號1樓,"02-77305636, 02-25082793"
全家雙城店,016173,10261,台北市中山區雙城街12之1號,"02-77095780, 02-25996056"
全家雙林店,016078,18636,台北市中山區雙城街2之2號,"02-77095782, 02-25992453"
全家金磚店,013731,18705,台北市中山區雙城街19巷2號,"02-77230280, 02-25994347"
全家羅安店,018528,58528,台北市中正區羅斯福路二段140號1樓,"02-77231897, 02-23654518"
全家鑫德店,013938,51699,臺北市松山區八德路二段400號,"02-77137290, 02-87717609"
全家中崙店,015638,10007,台北市松山區八德路三段74巷43號,"02-77230360, 02-25776466"
全家中發店,018851,58851,"台北市松山區八德路三段74巷10號1,2樓如附圖",02-25793662
全家寶清店,016953,12465,台北市松山區八德路四段598號1樓,"02-77230427, 02-27532857"
全家復盛店,016137,14193,"台北市松山區八德路四段40號,42號","02-77230441, 02-27619127"
全家三富店,017205,18798,台北市松山區三民路148號,"02-77230483, 02-27677510"
全家京民店,013794,52667,"台北市松山區三民路6號,B1","02-77179549, 02-27422080"
全家常興店,016801,16377,台北市松山區五常街364號1樓,"02-77230471, 02-25464600"
全家微風店,015587,12002,台北市松山區市民大道四段51號1樓,"02-77230418, 02-87719880"
全家豐禾店,012220,10142,台北市松山區民生東路三段130巷5弄2號,"02-77230367, 02-27126702"
全家豐興店,018867,11417,台北市松山區民生東路三段130巷5弄22號,"02-77095393, 02-25471001"
全家豐華店,013024,16991,台北市松山區民生東路三段113巷6弄1號一樓,"02-77230476, 02-27123226"
全家敦德店,017087,57087,台北市松山區民生東路三段127巷6號1樓,"02-77294476, 02-27130655"
全家昇東店,018901,52234,台北市松山區民生東路五段197號,"02-77179061, 02-27491649"
全家東豐店,014959,54527,台北市松山區民生東路五段37號,"02-77463306, 02-27612771"
全家松民店,016542,56542,台北市松山區民生東路五段159號,"02-77463155, 02-37652608"
全家中央店,016262,10260,台北市松山區民生東路四段95號,"02-77230370, 02-25460351"
全家民復店,016172,10900,台北市松山區民生東路四段80巷3號1F,"02-77230385, 02-25473532"
全家興北店,015862,11539,台北市松山區民權東路三段103巷15—1號,"02-77230401, 02-27150977"
全家北權店,014789,14401,台北市松山區民權東路三段106巷11號,"02-77230449, 02-25469055"
全家新民有店,017122,52774,台北市松山區民權東路三段160巷11號,"02-77230201, 02-87129937"
全家復北店,018478,58478,台北市松山區民權東路三段104號壹樓及地下室,"02-77231821, 02-25468878"
全家大理店,015906,10572,台北市松山區光復北路11巷50號1樓,"02-77230375, 02-27473064"
全家新德光店,013740,53740,台北市松山區光復南路32巷46-4號,"02-77305723, 02-25780506"
全家新大吉店,014091,53561,台北市松山區吉祥路19號,"02-77302812, 02-27489223"
全家松壽店,016058,15776,台北市松山區延壽街330巷7弄22號一樓,"02-77230466, 02-27474015"
全家塔悠店,019132,18829,臺北市松山區延壽街2號一樓,"02-77136330, 02-27420973"
全家台發店,018139,58139,台北市松山區八德路三段30號壹樓(如附圖),"02-77285114, 02-25781936"
全家松指部店,011881,50078,臺北市松山區民權東路四段121號(松指部),"02-25475626, 02-25475302"
全家巨星超市店,017138,57138,"台北市松山區南京東路四段2號(16,17號店舖)","02-77294487, 02-25770670"
全家長復店,014887,14281,台北市松山區長安東路二段219號,"02-77230446, 02-27500001"
全家力晶店,017487,16737,台北市松山區南京東路三段258號,"02-77230473, 02-27213487"
全家京暉店,017500,57500,台北市松山區南京東路三段285號壹樓,"02-77304854, 02-25472310"
全家大盛店,011716,11464,台北市松山區南京東路五段66巷2弄1之1號1樓,"02-77094803, 02-27650089"
全家新東寶店,018664,53920,台北市松山區南京東路五段291巷14號,"02-77397380, 02-27605928"
全家新東光店,014918,54918,台北市松山區南京東路五段123巷1號1樓,"02-77462468, 02-37652819"
全家京吉店,015823,55678,台北市松山區南京東路五段180號,"02-77397323, 02-27478279"
全家新健康店,017826,52235,台北市松山區南京東路四段133巷9弄2號,"02-77179062, 02-25462607"
全家京盛店,018742,55030,台北市松山區南京東路四段56-1號1樓,"02-77464137, 02-25795737"
全家京鑽店,017769,57769,台北市松山區南京東路四段47號壹樓,"02-77463254, 02-25460775"
全家松醫店,011273,12121,台北市松山區健康路158號,"02-77230420, 02-27600199"
全家康柏店,013286,19308,台北市松山區健康路220號,"02-77230485, 02-27604612"
全家民康店,017248,57248,台北市松山區健康路285號1樓,"02-77305223, 02-27457090"
全家富錦店,017017,15722,台北市松山區富錦街529號一樓,"02-77230465, 02-27455196"
全家宏大店,012127,10576,台北市松山區敦化北路155巷3號1樓,"02-77230376, 02-27183704"
全家長城店,012657,14267,台北市松山區敦化北路120巷80號,"02-77230443, 02-27176687"
全家敦中店,015863,51718,台北市松山區敦化北路4巷1號,"02-77137209, 02-87716763"
全家長塑店,016406,54919,台北市松山區敦化北路199巷2弄5號1樓,"02-77464019, 02-27198993"
全家敦城店,019129,59129,台北市松山區敦化北路120巷22號壹樓及地下室,02-25475096
全家松旺店,018980,52780,台北市松山區塔悠路19號,"02-77230220, 02-37652775"
全家新東店,014542,10989,台北市松山區新東街14號,"02-77230389, 02-27653580"
全家慶城店,014261,12710,台北市松山區慶城街8號,"02-77230429, 02-25464461"
全家國父紀念館店,018222,58222,台北市大安區光復南路292號(範圍如附圖),"02-77286342, 02-27755468"
全家義安店,014159,53796,台北市大安區信義路四段88號(部分),"02-77462815, 02-27015844"
全家台大二活店,017186,12701,台北市大安區羅斯福路四段85號(第二學生活動中心),"02-77096561, 02-23661941"
全家台大楓林店,017548,57548,台北市大安區羅斯福路四段1號(女九餐廳),"02-77304883, 02-23675017"
全家大安店,013409,10076,台北市大安區大安路一段20號,"02-77096512, 02-27117896"
全家仁慈店,019133,10086,台北市大安區仁愛路四段48巷6號,"02-77096517, 02-27089002"
全家明曜店,014770,11901,"台北市大安區仁愛路四段151巷34號,36號","02-77096515, 02-27780326"
全家國泰店,016473,12742,台北市大安區仁愛路四段266巷15弄10號1樓,"02-77096516, 02-27542056"
全家忠愛店,019081,14560,台北市大安區仁愛路四段27巷43號,"02-77096513, 02-27314580"
全家敦新店,017725,15882,台北市大安區仁愛路四段112巷5號一樓,"02-77096551, 02-27057671"
全家吉泰店,018206,51421,台北市大安區仁愛路四段300巷11之1號,"02-77137208, 02-27001566"
全家通昌店,014482,54482,台北市大安區文昌街142號壹樓全部,"02-77463305, 02-23256420"
全家安賢店,017768,50267,臺北市大安區四維路170巷4號,"02-77136325, 02-27074252"
全家光新店,018373,11234,台北市大安區光復南路418號,"02-77096519, 02-27849586"
全家華視店,014368,14497,台北市大安區光復南路116巷26號,"02-77096518, 02-27310238"
全家敦安店,016746,10038,台北市大安區安和路一段112巷27號,"02-77096520, 02-27019097"
全家和信店,016909,56909,台北市大安區安和路一段104號,"02-77298245, 02-27556391"
全家安富店,018248,58248,台北市大安區安和路一段49巷10號,"02-77286343, 02-27755484"
全家東方店,018055,50625,台北市大安區安和路二段10巷10號壹樓及地下室,"02-77096521, 02-27039578"
全家樂和店,019143,56351,台北市大安區安和路二段169號,"02-77463020, 02-27329745"
全家安居店,016322,10121,台北市大安區安居街76號,"02-77096522, 02-27375452"
全家辛亥店,013549,10462,台北市大安區辛亥路二段171巷3號,"02-77096525, 02-23778503"
全家二繽店,015895,55392,台北市大安區辛亥路三段330號,"02-77285846, 02-27372960"
全家台師店,016569,56569,台北市大安區和平東路一段162號,"02-77462157, 02-23682773"
全家成功店,012910,10552,台北市大安區和平東路二段311巷32號,"02-77096528, 02-27550428"
全家和東店,018665,11020,台北市大安區和平東路二段102之3號1樓,"02-77096526, 02-27371371"
全家和新店,018080,11205,台北市大安區和平東路二段22號,"02-77095531, 02-83691009"
全家和復店,014395,11572,"台北市大安區和平東路二段261號,263號","02-77096527, 02-27540370"
全家和茂店,014448,53269,台北市大安區和平東路三段58號1樓,"02-77463243, 02-27371408"
全家延孝店,018934,10564,"台北市大安區延吉街135號之三,一樓","02-77096529, 02-27405319"
全家延安店,017556,11636,台北市大安區延吉街158號,"02-77096530, 02-87716553"
全家延安二店,013927,53434,台北市大安區延吉街130號,"02-77463825, 02-87717379"
全家昌隆店,018581,16506,台北市大安區忠孝東路三段217巷2弄1號1樓,"02-77096531, 02-87733114"
全家延吉店,017206,10003,台北市大安區忠孝東路四段216巷31號,"02-77096533, 02-27412630"
全家龍普店,015461,14423,台北市大安區忠孝東路四段170巷6弄2號,"02-77096532, 02-87733622"
全家延東店,018457,55428,台北市大安區忠孝東路四段223巷41號,"02-77292653, 02-87724842"
全家統領店,018020,58020,台北市大安區忠孝東路四段181巷7弄21號1樓部份,"02-77300021, 02-27112125"
全家台興店,015746,55746,台北市大安區長興街50號,"02-77303790, 02-27324804"
全家金信店,017363,55507,台北市大安區信義路二段104號1樓,"02-77305363, 02-23587145"
全家信美店,014695,19866,"臺北市大安區信義路三段134巷2號壹樓,地下室","02-77136326, 02-27544328"
全家義興店,015666,14506,"台北市大安區信義路四段1之10,1之11號","02-77096536, 02-27048404"
全家義和店,014960,53348,台北市大安區信義路四段265巷8號,"02-77463245, 02-27047661"
全家建南店,013898,14424,"台北市大安區建國南路一段156,158號","02-77096537, 02-27318185"
全家北科店,016573,56573,台北市大安區建國南路一段81號,"02-77462613, 02-27762695"
全家建國店,014393,10823,台北市大安區建國南路二段151巷38號1樓,"02-77096539, 02-27540801"
全家師大店,017121,10051,台北市大安區師大路79號,"02-77096540, 02-23918196"
全家台科店,018658,58658,台北市大安區基隆路四段43號地下一樓第三餐廳,"02-77306050, 02-27384936"
全家通和店,014206,14420,台北市大安區通安街77號,"02-77096545, 02-27331503"
全家興忠店,018902,10258,台北市大安區復興南路一段200號,"02-77095389, 02-27419504"
全家興仁店,017879,11029,台北市大安區復興南路一段217號,"02-77096546, 02-87732350"
全家懷生店,015263,14559,台北市大安區復興南路一段70號,"02-77095390, 02-27763718"
全家復豐店,019160,59160,台北市大安區復興南路一段257號1樓,02-27555927
全家興南店,018052,10197,台北市大安區復興南路二段8號及10號,"02-77096548, 02-27552227"
全家興和店,015818,12065,台北市大安區復興南路二段153號,"02-77096547, 02-27845780"
全家新敦民店,014052,14983,臺北市大安區敦化南路一段161巷7號,"02-77136327, 02-27111320"
全家忠孝店,017287,52097,台北市大安區敦化南路一段190巷7號,"02-77230802, 02-27780668"
全家新遠企店,017877,14201,台北市大安區敦化南路二段261號,"02-77096550, 02-27323623"
全家敦鼎店,019051,58876,台北市大安區敦化南路二段77號1樓右側空間,02-27018593
全家新生南路店,018229,10085,台北市大安區新生南路一段163號,"02-77096552, 02-27035220"
全家大森店,016790,56790,台北市大安區新生南路一段165巷35號,"02-77397763, 02-27005349"
全家台新店,016709,11819,台北市大安區新生南路三段84之8號,"02-77096553, 02-23626210"
全家瑞和店,018077,14503,台北市大安區瑞安街135巷28號1樓,"02-77096556, 02-27049888"
全家濟南二店,013823,51735,台北市大安區濟南路三段7號,"02-77294839, 02-87734589"
全家臨江店,017497,57497,台北市大安區臨江街2巷2號,"02-77303991, 02-27322438"
全家羅中店,013639,10706,台北市大安區羅斯福路二段17號1F,"02-77096559, 02-23924175"
全家古亭店,018480,14431,台北市大安區羅斯福路二段103號,"02-77096558, 02-23673372"
全家羅騰店,014346,54169,台北市大安區羅斯福路三段269巷2號,"02-77303035, 02-23651801"
全家台福店,019080,51140,台北市大安區羅斯福路四段1號腳踏車部部份空間,"02-77096560, 02-83691892"
全家新台大店,011741,51741,臺北市大安區羅斯福路四段1號第一學生活動中心,"02-77292234, 02-23688949"
全家民和店,016199,54559,台北市萬華區民和街9號1樓,"02-77463309, 02-23039216"
全家鑫都店,019036,59036,台北市萬華區成都路71號1樓,02-23885903
全家萬園店,019082,55429,台北市萬華區西園路一段159號壹樓,"02-77303801, 02-23040410"
全家金園店,015892,51480,臺北市萬華區西園路二段140巷42號,"02-77137286, 02-23083402"
全家萬年店,013811,12307,台北市萬華區西寧南路155號1樓,"02-77230509, 02-23883343"
全家和西店,017367,16064,"台北市萬華區和平西路三段290之5號,290","02-77230518, 02-23080749"
全家昆明店,014885,12491,台北市萬華區昆明街186號1樓,"02-77230512, 02-23705910"
全家成都店,018772,12553,台北市萬華區昆明街134號；成都路86號,"02-77230511, 02-23758507"
全家萬昌店,015859,55859,台北市萬華區昆明街92-1號1樓,"02-77091176, 02-23822578"
全家東園店,017962,10211,台北市萬華區東園街69號,"02-77136532, 02-23327420"
全家萬東店,014839,54170,台北市萬華區東園街174號1樓,"02-77303980, 02-23077891"
全家鑫吉利店,016130,56130,台北市萬華區東園街28巷34號,"02-77397275, 02-23378557"
全家長泰店,018595,15541,台北市萬華區長泰街2號2之1號一樓,"02-77230521, 02-23034841"
全家公園店,015730,10329,台北市萬華區青年路48號,"02-77230515, 02-23051904"
全家日祥店,017099,12867,"台北市萬華區青年路154號,168巷2弄14號1樓","02-77230513, 02-23331039"
全家新青年店,017866,50578,臺北市萬華區青年路6號,"02-77230516, 02-23331983"
全家萬國店,013812,10602,台北市萬華區峨眉街21號1樓,"02-77136533, 02-23894642"
全家新峨嵋店,017651,52625,台北市萬華區峨眉街82號1樓,"02-77301490, 02-23711411"
全家桂林店,016202,52446,台北市萬華區桂林路23號1樓,"02-77134952, 02-23318161"
全家康定店,014905,10720,台北市萬華區康定路73號,"02-77230499, 02-23899260"
全家康陽店,018752,55851,台北市萬華區康定路99號,"02-77091175, 02-23812716"
全家康勝店,016682,56682,台北市萬華區康定路60號1樓,"02-77464397, 02-23821077"
全家萬華車站店,018561,58561,臺北市萬華區康定路382號,"02-77231912, 02-23040630"
全家康華店,018618,58618,台北市萬華區康定路229號1樓,"02-77163054, 02-23027338"
全家新富民店,015943,55943,台北市萬華區富民路91巷8號1樓,"02-77099523, 02-23070071"
全家貴陽店,017698,11362,"台北市萬華區貴陽街二段182號,184號","02-77136534, 02-23891854"
全家新武成店,017153,55945,台北市萬華區萬大路486巷59弄1號1樓,"02-77099615, 02-23326103"
全家萬大店,018487,58487,台北市萬華區萬大路64號1樓,"02-77231824, 02-23040610"
全家萬捷店,018497,58497,台北市萬華區漢中街50巷11號1樓(部份),"02-77231826, 02-23811101"
全家萬中店,015246,55246,台北市萬華區漢口街二段22號,"02-77301067, 02-23887636"
全家萬明店,017790,57790,台北市萬華區漢口街二段67之2號1樓,"02-77463264, 02-23119635"
全家漢中店,017430,14443,台北市萬華區漢中街139號1樓,"02-77230522, 02-23141275"
全家新廣州店,018111,54858,台北市萬華區廣州街235-1號,"02-77292135, 02-23027354"
全家龍廣店,017328,57328,"台北市萬華區廣州街203號1,2樓","02-77305701, 02-23026434"
全家新興義店,016734,52931,台北市萬華區興義街41號1樓,"02-77463040, 02-23034328"
全家環南店,017103,10899,台北市萬華區環河南路二段298號,"02-77230525, 02-23026891"
全家綠堤店,013690,16464,台北市萬華區環河南路二段173號,"02-77230523, 02-23041210"
全家寶興店,016832,10056,台北市萬華區寶興街78號,"02-77230526, 02-23013308"
全家寶元店,018147,14195,台北市萬華區寶興街40號,"02-77231557, 02-23099925"
全家大道店,015953,12233,台北市信義區大道路79號1樓,"02-77230423, 02-27276692"
全家五分埔店,014917,54917,台北市信義區中坡北路23號1樓,"02-77463610, 02-27653612"
全家協和店,015064,10245,台北市信義區中坡南路38號1F,"02-77230369, 02-27590819"
全家新中坡店,016421,51736,台北市信義區中坡南路229號,"02-77137210, 02-27270460"
全家永吉二店,012953,10403,台北市信義區永吉路223號,"02-77230373, 02-27491648"
全家厚雅店,017731,57356,台北市信義區永吉路30巷118號1樓,"02-77303123, 02-27659814"
全家光復南路店,016838,10009,台北市信義區光復南路447之2號,"02-77230361, 02-27294291"
全家復昌店,017827,16310,"台北市信義區光復南路505號,507號及文昌街32","02-77230470, 02-23459489"
全家北醫店,016260,10686,台北市信義區吳興街263號,"02-77230378, 02-27229824"
全家三興店,017120,11588,台北市信義區吳興街7號,"02-77230403, 02-27232796"
全家盛興店,018632,55289,台北市信義區吳興街334號,"02-77301076, 02-27201400"
全家六張黎店,016604,10014,台北市信義區和平東路三段387號,"02-77230363, 02-27338739"
全家忠信店,016839,15318,台北市信義區忠孝東路五段425號1樓及地下室,"02-77230461, 02-27422963"
全家永信店,017031,51625,台北市信義區忠孝東路五段472號,"02-77137207, 02-87807876"
全家新忠隆店,018300,52808,台北市信義區忠孝東路五段71巷8號壹樓,"02-77231165, 02-27493532"
全家聯合店,014769,12899,台北市信義區忠孝東路四段553巷6弄17號1樓,"02-77230432, 02-27685432"
全家松興店,018458,11917,台北市信義區松山路107號,"02-77230416, 02-27603790"
全家松盛店,013949,11992,台北市信義區松山路153號,"02-77230417, 02-27606140"
全家欣松春店,013312,52444,台北市信義區松山路281號1樓,"02-77134950, 02-27493963"
全家崧捷店,016138,55506,台北市信義區松山路11號,02-27656379
全家新安興店,017989,56145,台北市信義區松仁路240巷2號,"02-77397367, 02-27204938"
全家南山廣場店,018449,58449,台北市信義區松仁路100號6樓之1,"02-77230034, 02-27585233"
全家永孝店,017679,10890,台北市信義區松信路145號,"02-77230383, 02-27678185"
全家松站店,016261,50977,台北市信義區松隆路329巷8號壹樓,"02-77230497, 02-27678206"
全家建鑫店,017309,14277,台北市信義區松壽路24號,"02-77230445, 02-27233205"
全家新信德店,018390,53167,台北市信義區松德路283號,"02-77462472, 02-23465799"
全家信安店,015265,53880,台北市信義區松德路200巷13號1樓,"02-77397375, 02-87895039"
全家松永店,016465,56465,台北市信義區松德路157號,"02-77463062, 02-23465356"
全家永林店,018456,11092,台北市信義區虎林街82巷23號,"02-77230589, 02-27470209"
全家海華店,019052,11460,台北市信義區虎林街132巷81號1樓,"02-77230585, 02-87890667"
全家忠林店,016495,15453,台北市信義區虎林街166號1樓及地下室,"02-77230586, 02-87891305"
全家欣富台店,018987,52156,台北市信義區虎林街120巷165號,"02-77467603, 02-27491525"
全家新松林店,018521,52985,台北市信義區虎林街61-4號,"02-77302148, 02-27493109"
全家祥和店,017662,10089,台北市信義區信義路五段150巷401弄31號,"02-77230591, 02-27291793"
全家松仁店,015083,14496,台北市信義區信義路五段150巷221號,"02-77230590, 02-27237309"
全家松友店,017880,16906,台北市信義區信義路六段78號,"02-77230595, 02-23460402"
全家新貿店,012171,51448,臺北市信義區信義路四段407號壹樓,"02-77137289, 02-87802293"
全家永隆店,012588,14406,台北市信義區基隆路一段147巷7號,"02-77230596, 02-27678120"
全家崇德店,015668,18701,台北市信義區崇德街29號,"02-77230597, 02-27333493"
全家莊敬店,018081,11004,台北市信義區莊敬路374號,"02-77095392, 02-27201156"
全家莊新店,018254,54036,台北市信義區莊敬路307號,"02-77301392, 02-27581883"
全家逸鑫店,018712,58712,台北市信義區逸仙路42巷23號,"02-77306305, 02-27206664"
全家芝玉店,016375,14445,台北市士林區士東路266巷5弄16號,"02-77096121, 02-28343943"
全家新士誠店,017575,57575,台北市士林區士東路86號壹樓,"02-77302120, 02-28314357"
全家大南店,015059,10923,台北市士林區大南路52號,"02-77096125, 02-28833976"
全家華港店,015792,50378,台北市士林區大南路231號,"02-77096123, 02-28810722"
全家士林店,018860,18702,台北市士林區中山北路五段697號,"02-77096126, 02-28348066"
全家榮富店,018744,52924,台北市士林區中山北路六段726號北側,"02-77134251, 02-28768631"
全家天強店,014985,54985,台北市士林區中山北路六段238號壹樓,"02-77464052, 02-28317990"
全家福林店,016707,12034,"台北市士林區中正路233號,233之1號","02-77096149, 02-88611682"
全家士商店,017340,50120,台北市士林區中正路503號,"02-77096129, 02-28838435"
全家新陽明店,016684,50840,臺北市士林區中正路329號,"02-77096128, 02-28818262"
全家新磺溪店,015200,54429,台北市士林區天母西路40-2號1樓,"02-77463017, 02-28767673"
全家天成店,014541,16606,"台北市士林區天母東路36號之5,之6","02-77096133, 02-28747141"
全家天山店,014438,19229,台北市士林區天母東路69巷11之9號1樓,"02-77096131, 02-28769215"
全家新光醫院店,017940,57940,台北市士林區文昌路95號地下三層,02-28313525
全家大北店,013548,50683,臺北市士林區文林路320號,"02-77096136, 02-28819255"
全家文鑫店,018442,58442,台北市士林區文林路205號1樓及地下室,"02-77231576, 02-28816801"
全家華崗店,013571,14408,台北市士林區光華路26巷3號-2,"02-77096137, 02-28629007"
全家至善店,018320,12950,台北市士林區至善路二段268號一樓,"02-77096155, 02-28414153"
全家中影店,017406,19226,台北市士林區至善路二段34號,"02-77096138, 02-28839581"
全家和豐店,018391,15638,台北市士林區和豐街2號一樓,"02-77136519, 02-28813084"
全家葫蘆店,016798,11871,台北市士林區延平北路五段283之1號,"02-77096139, 02-88114965"
全家新天和店,014186,54186,台北市士林區忠誠路二段168號1樓,"02-77304039, 02-28723753"
全家新蘭雅店,014987,54987,台北市士林區忠誠路二段52號壹樓及地下室部份,"02-77464053, 02-28314977"
全家誠德店,016412,56412,台北市士林區忠誠路二段5號1樓,"02-77463035, 02-28344780"
全家永新店,017663,11080,台北市士林區社子街27號,"02-77136517, 02-28113436"
全家社中店,014540,18803,台北市士林區社中街386號,"02-77096141, 02-28132673"
全家致昇店,017718,57718,台北市士林區雨聲街36號1樓,"02-77300515, 02-28385392"
全家福港店,014902,10690,台北市士林區前港街126號,"02-77096142, 02-28804266"
全家大港店,018841,14157,台北市士林區前港街39號,"02-77096143, 02-28832065"
全家天文店,014389,16316,台北市士林區美崙街118號,"02-77096145, 02-28319102"
全家新葫東店,014686,54213,台北市士林區重慶北路四段184號1樓,"02-77302131, 02-28162923"
全家新格致店,016306,55430,台北市士林區格致路53號1樓,"02-77303802, 02-28623855"
全家通河店,016516,11036,台北市士林區通河街145號,"02-77230391, 02-28858507"
全家新文大店,014455,53189,台北市士林區華岡路55號,"02-77462362, 02-28620079"
全家美崙店,017408,10246,台北市士林區華榮街97號,"02-77136518, 02-28346427"
全家百齡店,016305,50535,台北市士林區福港街158-1號,"02-77096150, 02-28834606"
全家德行店,019135,11396,台北市士林區德行東路109巷3號,"02-77096152, 02-28314191"
全家芝蘭店,016784,50037,台北市士林區德行東路330號,"02-77096153, 02-28314783"
全家德忠店,018244,52932,台北市士林區德行東路109巷75號壹樓,"02-77463049, 02-28318420"
全家崇合店,014838,12577,台北市北投區三合街二段487號1樓,"02-77230502, 02-28972076"
全家大同店,013332,14441,台北市北投區大業路452巷31號,"02-77230452, 02-28919974"
全家大業店,014373,11030,台北市北投區大興街22號,"02-77230390, 02-28964457"
全家甲桂林店,015397,55397,台北市北投區中山北路七段219巷3弄171號壹樓,"02-77303550, 02-28725427"
全家文化店,016219,10833,台北市北投區中央北路二段97號1樓,"02-77230382, 02-28976316"
全家新復興崗店,015782,55782,台北市北投區中央北路三段4號1樓,"02-77093293, 02-28910617"
全家中央南路店,017247,57247,台北市北投區中央南路二段15號1樓,"02-77305054, 02-28911712"
全家中永店,015082,12460,台北市北投區中和街252號一樓,"02-77230506, 02-28949813"
全家復中店,016498,14143,台北市北投區中和街328號1樓,"02-77230437, 02-28924021"
全家新和店,012067,52067,台北市北投區中和街489號,"02-77464307, 02-28912821"
全家新奇岩店,017098,53428,台北市北投區公館路230號,"02-77463821, 02-28947281"
全家永興店,013283,12462,"台北市北投區永興路一段1號,3號一樓","02-77230426, 02-28947414"
全家榮光店,016515,50942,台北市北投區石牌路一段166巷93號,"02-77230496, 02-28217765"
全家北榮店,014647,54647,台北市北投區石牌路二段201號,"02-77464138, 02-28766755"
全家華勝店,016961,56961,台北市北投區石牌路二段88之1號1樓,"02-77294456, 02-28217248"
全家北投店,018181,10343,台北市北投區光明路218之1號,"02-77230372, 02-28941595"
全家光明店,011823,11789,"台北市北投區光明路23號,25號","02-77230407, 02-28966631"
全家新自強店,016560,56560,台北市北投區自強街116號1樓,"02-77463172, 02-28212852"
全家東陽店,015347,14336,台北市北投區西安街一段283號,"02-77230448, 02-28212319"
全家唭哩店,016748,18917,臺北市北投區西安街二段283號,"02-77230478, 02-28219568"
全家立賢店,013569,12130,台北市北投區承德路七段290號,"02-77230421, 02-28202721"
全家明德店,017965,11702,台北市北投區明德路93號,"02-77230406, 02-28239507"
全家東華店,014539,11881,台北市北投區東華街二段88號,"02-77230415, 02-28232256"
全家新知行店,013901,50979,臺北市北投區知行路237號,"02-77230498, 02-28586738"
全家行勝店,016300,56300,台北市北投區知行路298號1樓,"02-77294767, 02-28586707"
全家振華店,014771,14514,台北市北投區振華街2號,"02-77230501, 02-28232410"
全家尊賢店,017007,10650,台北市北投區尊賢街260號1F,"02-77230503, 02-28271417"
全家新實店,009489,19489,臺北市北投區實踐街51號1樓,"02-77230507, 02-28236547"
全家內科店,017501,57501,台北市內湖區洲子街61號1樓(部份),"02-77304880, 02-87511523"
全家堤頂店,018160,58160,台北市內湖區舊宗路二段207號1樓(部份),"02-77286145, 02-87989969"
全家麗山店,017163,10188,台北市內湖區內湖路一段737巷49號,"02-77230368, 02-26279495"
全家湖安店,013996,10876,台北市內湖區內湖路一段285巷19號1樓,"02-77136530, 02-26591427"
全家碧湖店,018982,15331,台北市內湖區內湖路一段593號一樓及地下室,"02-77230462, 02-26277149"
全家麗水店,016568,56568,台北市內湖區內湖路一段733號1樓,"02-77462031, 02-26272956"
全家陽湖店,017818,57818,台北市內湖區內湖路一段91巷4號1樓,"02-77463524, 02-26277102"
全家湖濱店,012857,19222,臺北市內湖區內湖路二段103巷104號,"02-77230482, 02-26593051"
全家文湖店,018205,14540,台北市內湖區文湖街59號,"02-77096482, 02-27973433"
全家瑞陽店,016951,12171,台北市內湖區文德路90巷49號,"02-77230422, 02-26597471"
全家紫陽店,016630,14132,台北市內湖區文德路212號,"02-77230436, 02-87519703"
全家德陽店,016895,18963,臺北市內湖區文德路22巷25號,"02-77230480, 02-27987160"
全家民善店,017999,57999,台北市內湖區民善街1號1樓,"02-77463349, 02-87922468"
全家三民店,016265,10035,台北市內湖區民權東路六段90巷1號,"02-77230365, 02-27942827"
全家內華店,014391,14448,台北市內湖區民權東路六段162號,"02-77230453, 02-27911354"
全家金莊店,014027,54027,台北市內湖區石潭路67號1樓,"02-77397381, 02-27941829"
全家東安店,013902,11264,台北市內湖區安康路480號,"02-77230395, 02-26345521"
全家新內湖店,015371,52138,臺北市內湖區成功路二段420號,"02-77467600, 02-27948239"
全家新三總店,016534,54435,台北市內湖區成功路二段325號B1F,02-87917684
全家湖盛店,015508,55508,台北市內湖區成功路四段143號,"02-77306292, 02-87921285"
全家德湖店,017622,57622,台北市內湖區成功路四段62號1樓及B1,"02-77302130, 02-87923344"
全家湖捷店,018313,58313,台北市內湖區成功路四段178號1樓,"02-77286506, 02-27946716"
全家行善店,013637,52866,臺北市內湖區行善路289號,"02-77134249, 02-27967192"
全家新東湖店,019103,50301,臺北市內湖區東湖路43巷4號,"02-77230491, 02-26317679"
全家明美店,018807,58807,台北市內湖區金莊路86號1樓,"02-77286319, 02-27941977"
全家金瑞店,017786,51866,臺北市內湖區金龍路224號,"02-77231651, 02-27934276"
全家星湖店,016673,52945,台北市內湖區星雲街161巷1號,"02-77463097, 02-27906271"
全家康雲店,015810,55810,台北市內湖區康寧路一段116號及地下室,"02-77093295, 02-27940805"
全家紫新店,018517,56456,台北市內湖區康寧路ㄧ段37號ㄧ樓,"02-77463060, 02-27940091"
全家護校店,013798,18938,台北市內湖區康寧路三段75巷137號,"02-77230479, 02-26342271"
全家康福店,018893,14453,台北市內湖區康樂街87號,"02-77230455, 02-26339860"
全家新瑞店,014663,15377,台北市內湖區堤頂大道二段407巷26號一樓,"02-77230463, 02-26592842"
全家精英店,014042,16748,台北市內湖區堤頂大道二段241號壹樓,"02-77230475, 02-26579148"
全家興盛店,018868,11482,台北市內湖區新明路182號,"02-77230400, 02-27903667"
全家新湖店,014943,12915,台北市內湖區新湖二路250巷8號1樓,"02-77230433, 02-27937065"
全家瑞光店,018053,12253,台北市內湖區瑞光路510號1樓,"02-77230425, 02-87514993"
全家瑞湖店,013730,16082,台北市內湖區瑞光路513巷39號1樓,"02-77230468, 02-87524016"
全家瑞盛店,015393,55393,台北市內湖區瑞光路66巷40號,"02-77302287, 02-87926581"
全家瑞興店,018769,55849,台北市內湖區瑞光路303號,"02-77093306, 02-26591468"
全家瑞豐店,017978,57978,台北市內湖區瑞光路220號,"02-77301103, 02-87514934"
全家瑞智店,018709,58709,台北市內湖區瑞光路433號1樓,"02-77305405, 02-87518611"
全家瑞亞店,019030,59030,台北市內湖區瑞光路302號1樓,02-26573023
全家陽鑫店,018636,58636,"台北市內湖區瑞湖街80號1樓Ｒ3,Ｒ4","02-77306026, 02-26593732"
全家環山店,014772,11864,台北市內湖區環山路一段5號,"02-77230411, 02-26271008"
全家新德明店,013284,53284,臺北市內湖區環山路一段110號,"02-77463246, 02-27996853"
全家湖山店,015432,11845,台北市內湖區麗山街348巷10弄2號,"02-77230410, 02-26572616"
全家工業三店,017680,16966,台北市南港區三重路66之2號1樓,"02-77230600, 02-27833949"
全家工業一店,018459,53755,台北市南港區三重路19-7號內之一部份,"02-77305793, 02-26550313"
全家宏展店,018852,58852,台北市南港區三重路66號1樓,"02-77287572, 02-26539324"
全家北鑫店,010980,50980,台北市南港區中坡南路15號,"02-77230601, 02-27866062"
全家新成鑫店,015639,52157,台北市南港區玉成街176巷1號,"02-77467605, 02-27853529"
全家南港車站店,017777,57777,台北市南港區忠孝東路七段371號B2,"02-77302292, 02-27837703"
全家新昆陽店,018413,52236,台北市南港區昆陽街145號,"02-77179063, 02-27883495"
全家港成店,014576,53077,台北市南港區南港路三段2號,"02-77300649, 02-26548729"
全家研究院店,016464,14429,台北市南港區研究院路二段70巷1號,"02-77292900, 02-26515140"
全家中研店,019031,59031,台北市南港區研究院路二段12巷55號1樓,02-27839381
全家重陽店,013890,12952,"台北市南港區重陽路183,185號1樓","02-77230608, 02-27893918"
全家向陽店,016840,15287,台北市南港區重陽路16號一樓,"02-77230605, 02-27887390"
全家富康店,018875,10559,台北市南港區富康街86號1F,"02-77230609, 02-27821423"
全家工業二店,018460,15117,台北市南港區園區街3號2樓之7,"02-77230610, 02-26558763"
全家經貿店,018108,58108,臺北市南港區經貿二路200號1樓,"02-77285097, 02-27833027"
全家港福店,013158,16553,台北市南港區福德街373巷63號1樓,"02-77095397, 02-26543532"
全家中視店,012943,11489,台北市南港區興南街39號1樓,"02-77230611, 02-27864176"
全家興華店,017488,11826,台北市南港區興華路86號,"02-77230612, 02-27834076"
全家國興店,015973,14434,台北市南港區舊莊街一段3巷3弄2號,"02-77230616, 02-27832665"
全家胡適店,010358,50358,台北市南港區舊莊街一段3巷16號,"02-77230615, 02-27888455"
全家新莊研店,019034,54856,台北市南港區舊莊街一段169號,"02-77292131, 02-27853487"
全家試院店,016093,12966,台北市文山區木柵路一段91號93號一樓,"02-77095388, 02-22369520"
全家木興店,013748,14507,台北市文山區木柵路二段52號,"02-77095383, 02-22348419"
全家明興店,016837,16279,"台北市文山區木柵路二段109巷25弄2號,2-1號","02-77095532, 02-86618412"
全家木柵路店,013343,10013,台北市文山區木柵路三段148號150號,"02-77096562, 02-29362952"
全家木新店,015542,16633,"台北市文山區木新路三段333,335號","02-77096566, 02-29388551"
全家欣榮店,015897,52904,台北市文山區木新路三段93號,"02-77134250, 02-22343591"
全家仙岩店,015040,10582,台北市文山區仙岩路2號,"02-77096567, 02-86631305"
全家師美店,014208,14502,台北市文山區汀州路四段77號,"02-77096568, 02-29322856"
全家順輝店,015729,14381,台北市文山區光輝路7號,"02-77096569, 02-29388216"
全家興昌店,015086,14172,台北市文山區辛亥路四段101巷1號,"02-77096570, 02-29357810"
全家名門店,017175,10480,"臺北市文山區和平東路四段95,97號1樓","02-77096572, 02-22301700"
全家大順店,017245,57245,台北市文山區忠順街一段131號,"02-77305002, 02-22344799"
全家鑫順店,016580,51921,台北市文山區忠順街二段16號,"02-77230115, 02-29370174"
全家興政店,016836,52233,"台北市文山區指南路二段83號壹,貳樓","02-77179060, 02-86619335"
全家政富店,017249,57249,台北市文山區指南路二段145號1樓,"02-77305374, 02-86613075"
全家景中店,017661,10661,"台北市文山區景中街5號,七號一樓","02-77095385, 02-29334768"
全家景文店,017308,10986,台北市文山區景文街83號,"02-77096573, 02-29303305"
全家景後店,016952,55530,台北市文山區景後街95號,"02-77397325, 02-29342042"
全家華德店,018245,16972,台北市文山區景華街75號,"02-77096576, 02-29356335"
全家新文華店,013719,52542,台北市文山區景華街3巷2號1樓及B1,"02-77300713, 02-86633877"
全家景富店,016800,51236,台北市文山區景福街25號,"02-77096577, 02-89313890"
全家世景店,018298,58298,台北市文山區景興路282巷2號壹樓,"02-77286345, 02-86632846"
全家新福興店,018412,50509,臺北市文山區福興路65號,"02-77136328, 02-29301491"
全家景興店,016263,10770,台北市文山區興隆路一段249號1樓,"02-77230381, 02-29304049"
全家萬興店,016925,19475,臺北市文山區興隆路一段55巷27弄1-4號,"02-77136329, 02-29304220"
全家興園店,015728,10692,台北市文山區興隆路二段220巷33號,"02-77096477, 02-29334696"
全家興業店,015667,10731,台北市文山區興隆路二段279號,"02-77230379, 02-86635963"
全家靜興店,014857,54857,台北市文山區興隆路二段75號壹樓,"02-77292132, 02-29356712"
全家再興店,014696,14498,台北市文山區興隆路三段207巷11弄2號,"02-77230456, 02-22302780"
全家中科大店,016916,56916,台北市文山區興隆路三段36巷9弄10號,"02-77464463, 02-29333950"
全家興崙店,017365,11823,台北市文山區興隆路四段50之1號,"02-77230408, 02-29397480"
全家萬和店,014182,12870,台北市文山區羅斯福路五段218巷38弄2號1樓,"02-77230431, 02-86636168"
全家萬福店,017119,57119,台北市文山區羅斯福路五段269巷11號,"02-77294485, 02-29315696"
全家景和店,015197,11705,台北市文山區羅斯福路六段274號,"02-77095387, 02-89319847"
全家羅和店,016570,56570,台北市文山區羅斯福路六段146-1號,"02-77397545, 02-29352655"
全家羅美店,018759,58759,台北市文山區羅斯福路六段142巷5號1樓,"02-77302423, 02-29359387"
